<?xml version="1.0" encoding="UTF-8"?>
<con:soapui-project id="b78eb95d-cf32-43f4-9e5b-c3cbc7870efa" activeEnvironment="Default" name="ConsumeMockService" soapui-version="5.6.0" xmlns:con="http://eviware.com/soapui/config"><con:settings/><con:interface xsi:type="con:RestService" id="54f9db2a-5fdc-4f87-8746-84ceff11355d" wadlVersion="http://wadl.dev.java.net/2009/02" name="http://localhost:6000" type="rest" xmlns:xsi="http://www.w3.org/2001/XMLSchema-instance"><con:settings/><con:definitionCache type="TEXT" rootPart=""/><con:endpoints><con:endpoint>http://localhost:6000</con:endpoint></con:endpoints><con:resource name="" path="/Items" id="5626e83d-0d50-4c9f-ab41-21b44b7fad33"><con:settings/><con:parameters/><con:method name="allItems" id="35e77b61-7c82-4219-a914-e8eba6078775" method="GET"><con:settings/><con:parameters/><con:representation type="RESPONSE"><con:mediaType>application/json</con:mediaType><con:status>200</con:status><con:params/><con:element xmlns:item="http://localhost/Items">item:Response</con:element></con:representation><con:representation type="FAULT"><con:mediaType>application/xml</con:mediaType><con:status>400</con:status><con:params/></con:representation><con:request name="Request 1" id="dd430db0-b406-4d45-bf23-52fa104e27a4" mediaType="application/json"><con:settings><con:setting id="com.eviware.soapui.impl.wsdl.WsdlRequest@request-headers">&lt;xml-fragment/></con:setting></con:settings><con:endpoint>http://localhost:6000</con:endpoint><con:request/><con:originalUri>http://localhost/Items</con:originalUri><con:credentials><con:authType>No Authorization</con:authType></con:credentials><con:jmsConfig JMSDeliveryMode="PERSISTENT"/><con:jmsPropertyConfig/><con:parameters/></con:request></con:method><con:method name="singletem" id="42d6a512-0cdb-44b2-9740-f5bb3d591cbf" method="GET"><con:settings/><con:parameters/><con:representation type="RESPONSE"><con:mediaType>application/json</con:mediaType><con:status>200</con:status><con:params/><con:element xmlns:ns="http://localhost/Items/1">ns:Response</con:element></con:representation><con:request name="Request 1" id="4dec2f4d-9240-44b1-a29c-b403f079814c" mediaType="application/json"><con:settings><con:setting id="com.eviware.soapui.impl.wsdl.WsdlRequest@request-headers">&lt;xml-fragment/></con:setting></con:settings><con:endpoint>http://localhost:6000</con:endpoint><con:request/><con:originalUri>http://localhost/Items/1</con:originalUri><con:credentials><con:authType>No Authorization</con:authType></con:credentials><con:jmsConfig JMSDeliveryMode="PERSISTENT"/><con:jmsPropertyConfig/><con:parameters/></con:request></con:method><con:method name="createItem" id="1d2b7979-4248-42bd-8a39-23fab56a500f" method="POST"><con:settings/><con:parameters/><con:representation type="RESPONSE"><con:mediaType>application/json</con:mediaType><con:status>200</con:status><con:params/><con:element xmlns:item="http://localhost/Items">item:Response</con:element></con:representation><con:representation type="REQUEST"><con:mediaType>application/json</con:mediaType><con:params/></con:representation><con:request name="Request 1" id="3fa0c818-fce8-40e0-b17f-e9c1cc5f68f7" mediaType="application/json" postQueryString="false"><con:settings><con:setting id="com.eviware.soapui.impl.wsdl.WsdlRequest@request-headers">&lt;xml-fragment/></con:setting></con:settings><con:endpoint>http://localhost:6000</con:endpoint><con:request/><con:originalUri>http://localhost/Items</con:originalUri><con:credentials><con:authType>No Authorization</con:authType></con:credentials><con:jmsConfig JMSDeliveryMode="PERSISTENT"/><con:jmsPropertyConfig/><con:parameters/></con:request></con:method><con:method name="errorRequest" id="03dd48a0-b515-411a-9996-f9a77657ebcd" method="GET"><con:settings/><con:parameters/><con:representation type="FAULT"><con:mediaType>application/xml</con:mediaType><con:status>400</con:status><con:params/></con:representation><con:request name="Request 1" id="ba9fe98d-aea8-4fe5-bcab-c0dab0fa865a" mediaType="application/json"><con:settings><con:setting id="com.eviware.soapui.impl.wsdl.WsdlRequest@request-headers">&lt;xml-fragment/></con:setting></con:settings><con:endpoint>http://localhost:6000</con:endpoint><con:request/><con:originalUri>http://localhost/Item</con:originalUri><con:credentials><con:authType>No Authorization</con:authType></con:credentials><con:jmsConfig JMSDeliveryMode="PERSISTENT"/><con:jmsPropertyConfig/><con:parameters/></con:request></con:method></con:resource></con:interface><con:testSuite id="e46c44af-be6f-4e3e-bfe3-20ffdafd10a2" name="TestSuite 1"><con:settings/><con:runType>SEQUENTIAL</con:runType><con:testCase id="155f7dc3-3f1b-4969-a681-700abc0b676e" failOnError="true" failTestCaseOnErrors="true" keepSession="false" maxResults="0" name="TestCase 1" searchProperties="true"><con:settings/><con:testStep type="restrequest" name="allItems" id="8413aa77-9d88-4004-af7f-98c97bc8ae5e"><con:settings/><con:config service="http://localhost:6000" resourcePath="/Items" methodName="allItems" xsi:type="con:RestRequestStep" xmlns:xsi="http://www.w3.org/2001/XMLSchema-instance"><con:restRequest name="allItems - Request 1" id="dd430db0-b406-4d45-bf23-52fa104e27a4" mediaType="application/json"><con:settings><con:setting id="com.eviware.soapui.impl.wsdl.WsdlRequest@request-headers">&lt;xml-fragment/></con:setting></con:settings><con:endpoint>http://localhost:6000</con:endpoint><con:request/><con:originalUri>http://localhost/Items</con:originalUri><con:assertion type="Simple Contains" id="b60c36b5-cd2f-4094-9462-bcd90d2e70c4" name="Contains"><con:configuration><token>Pencil</token><ignoreCase>false</ignoreCase><useRegEx>false</useRegEx></con:configuration></con:assertion><con:credentials><con:authType>No Authorization</con:authType></con:credentials><con:jmsConfig JMSDeliveryMode="PERSISTENT"/><con:jmsPropertyConfig/><con:parameters/></con:restRequest></con:config></con:testStep><con:properties/></con:testCase><con:properties/></con:testSuite><con:properties/><con:wssContainer/><con:oAuth2ProfileContainer/><con:oAuth1ProfileContainer/></con:soapui-project>