<?xml version="1.0" encoding="UTF-8"?>
<con:soapui-project id="fda0f1ae-3260-4fc4-b86d-cbd997e11322" activeEnvironment="Default" name="SampleMockProject" soapui-version="5.6.0" abortOnError="false" runType="SEQUENTIAL" xmlns:con="http://eviware.com/soapui/config"><con:settings/><con:interface xsi:type="con:RestService" id="744bcb6c-af47-4a1d-a6a4-7d018b2526c1" wadlVersion="http://wadl.dev.java.net/2009/02" name="http://localhost:8080" type="rest" xmlns:xsi="http://www.w3.org/2001/XMLSchema-instance"><con:settings/><con:definitionCache/><con:endpoints><con:endpoint>http://localhost:8080</con:endpoint></con:endpoints><con:resource name="Items" path="/Items/1" id="44ee2692-1975-4a88-930e-de841a004f28"><con:settings/><con:parameters/><con:method name="Items 1" id="ae84c546-5c89-4600-8159-adbc2304d8cf" method="GET"><con:settings/><con:parameters/><con:representation type="RESPONSE"><con:mediaType>application/xml</con:mediaType><con:status>200</con:status><con:params/></con:representation><con:representation type="RESPONSE"><con:mediaType>application/json</con:mediaType><con:status>200</con:status><con:params/><con:element xmlns:item="http://localhost/Items">item:Response</con:element></con:representation><con:representation type="FAULT"><con:mediaType xsi:nil="true"/><con:status>404</con:status><con:params/><con:element>data</con:element></con:representation><con:representation type="REQUEST"><con:mediaType>application/json</con:mediaType><con:params/></con:representation><con:representation type="FAULT"><con:mediaType xsi:nil="true"/><con:status>404</con:status><con:params/><con:element>data</con:element></con:representation><con:representation type="FAULT"><con:mediaType xsi:nil="true"/><con:status>404</con:status><con:params/><con:element>data</con:element></con:representation><con:representation type="FAULT"><con:mediaType>application/xml</con:mediaType><con:status>400</con:status><con:params/></con:representation><con:representation type="RESPONSE"><con:mediaType xsi:nil="true"/><con:status>0</con:status><con:params/><con:element>data</con:element></con:representation><con:representation type="RESPONSE"><con:mediaType xsi:nil="true"/><con:status>0</con:status><con:params/><con:element>data</con:element></con:representation><con:representation type="RESPONSE"><con:mediaType xsi:nil="true"/><con:status>0</con:status><con:params/><con:element>data</con:element></con:representation><con:request name="Request 1" id="a914b52a-8e04-45d9-9c5e-d44f2062ce75" mediaType="application/json" postQueryString="false"><con:settings><con:setting id="com.eviware.soapui.impl.wsdl.WsdlRequest@request-headers">&lt;xml-fragment/></con:setting></con:settings><con:endpoint>http://localhost:8080</con:endpoint><con:request/><con:originalUri>http://localhost/Items</con:originalUri><con:credentials><con:authType>No Authorization</con:authType></con:credentials><con:jmsConfig JMSDeliveryMode="PERSISTENT"/><con:jmsPropertyConfig/><con:parameters/></con:request></con:method></con:resource></con:interface><con:restMockService id="d21c6ada-aa80-495b-98ec-047a6f431ffa" port="6000" path="/" host="Sahebstua" name="ItemService" docroot=""><con:settings/><con:properties/><con:restMockAction name="Items" method="GET" resourcePath="/Items" id="843edf5c-d941-4433-8ba0-b8807212dff8"><con:settings/><con:defaultResponse>allItems</con:defaultResponse><con:dispatchStyle>SEQUENCE</con:dispatchStyle><con:dispatchPath>/*&#13;
// Script dispatcher is used to select a response based on the incoming request.&#13;
// Here are few examples showing how to match based on path, query param, header and body&#13;
&#13;
// Match based on path&#13;
def requestPath = mockRequest.getPath()&#13;
log.info "Path: "+ requestPath&#13;
&#13;
if( requestPath.contains("json") )&#13;
{&#13;
    // return the name of the response you want to dispatch&#13;
    return "JSON Response"&#13;
}&#13;
&#13;
&#13;
// Match based on query parameter&#13;
def queryString = mockRequest.getRequest().getQueryString()&#13;
log.info "QueryString: " + queryString&#13;
&#13;
if( queryString.contains("stockholm") )&#13;
{&#13;
    // return the name of the response you want to dispatch&#13;
    return "Response Stockholm"&#13;
}&#13;
else if( queryString.contains("london") )&#13;
{&#13;
    // return the name of the response you want to dispatch&#13;
    return "Response London"&#13;
}&#13;
&#13;
&#13;
// Match based on header&#13;
def acceptEncodingHeaderList = mockRequest.getRequestHeaders().get("Accept-Encoding")&#13;
log.info "AcceptEncoding Header List: " + acceptEncodingHeaderList&#13;
&#13;
if( acceptEncodingHeaderList.contains("gzip,deflate") )&#13;
{&#13;
    // return the name of the response you want to dispatch&#13;
    return "GZiped Response"&#13;
}&#13;
&#13;
&#13;
// Match based on body&#13;
def requestBody = mockRequest.getRequestContent()&#13;
log.info "Request body: " + requestBody&#13;
&#13;
if( requestBody.contains("some data") )&#13;
{&#13;
    // return the name of the response you want to dispatch&#13;
    return "Response N"&#13;
}&#13;
*/&#13;
</con:dispatchPath><con:response name="allItems" id="a0376cf6-5e78-466a-b59e-bfa1696dc0d7" httpResponseStatus="200" mediaType="application/json"><con:settings/><con:responseContent>{
      "items" : {
                     item : [
                                 {id : "pr001", name: "Pencil", brand:"apsara", price:12},
                                 {id : "pr002", name: "Note Book", brand:"classmate", price:40},
                                 {id : "pr003", name: "HighLighter", brand:"Camalin", price:10}
                                 ]
                        }
}</con:responseContent><con:header><con:name>Status</con:name><con:value>Success Fetching all Values</con:value></con:header></con:response></con:restMockAction><con:restMockAction name="/Items/1" method="GET" resourcePath="/Items/1" id="52c1d2b0-be4b-4b38-bed1-f6754acb2971"><con:settings/><con:defaultResponse>singletem</con:defaultResponse><con:dispatchStyle>SEQUENCE</con:dispatchStyle><con:dispatchPath>/*&#13;
// Script dispatcher is used to select a response based on the incoming request.&#13;
// Here are few examples showing how to match based on path, query param, header and body&#13;
&#13;
// Match based on path&#13;
def requestPath = mockRequest.getPath()&#13;
log.info "Path: "+ requestPath&#13;
&#13;
if( requestPath.contains("json") )&#13;
{&#13;
    // return the name of the response you want to dispatch&#13;
    return "JSON Response"&#13;
}&#13;
&#13;
&#13;
// Match based on query parameter&#13;
def queryString = mockRequest.getRequest().getQueryString()&#13;
log.info "QueryString: " + queryString&#13;
&#13;
if( queryString.contains("stockholm") )&#13;
{&#13;
    // return the name of the response you want to dispatch&#13;
    return "Response Stockholm"&#13;
}&#13;
else if( queryString.contains("london") )&#13;
{&#13;
    // return the name of the response you want to dispatch&#13;
    return "Response London"&#13;
}&#13;
&#13;
&#13;
// Match based on header&#13;
def acceptEncodingHeaderList = mockRequest.getRequestHeaders().get("Accept-Encoding")&#13;
log.info "AcceptEncoding Header List: " + acceptEncodingHeaderList&#13;
&#13;
if( acceptEncodingHeaderList.contains("gzip,deflate") )&#13;
{&#13;
    // return the name of the response you want to dispatch&#13;
    return "GZiped Response"&#13;
}&#13;
&#13;
&#13;
// Match based on body&#13;
def requestBody = mockRequest.getRequestContent()&#13;
log.info "Request body: " + requestBody&#13;
&#13;
if( requestBody.contains("some data") )&#13;
{&#13;
    // return the name of the response you want to dispatch&#13;
    return "Response N"&#13;
}&#13;
*/&#13;
</con:dispatchPath><con:response name="singletem" id="0a92f3e1-771d-48d9-9f30-5a3821cf5153" httpResponseStatus="200" mediaType="application/json"><con:settings/><con:responseContent>{
      "items" : {
                     item : [
                                 {id : "pr001", name: "Pencil", brand:"apsara", price:12}
                                 ]
                       }
}</con:responseContent><con:header><con:name>Status</con:name><con:value>First Item</con:value></con:header></con:response></con:restMockAction><con:restMockAction name="/Items" method="POST" resourcePath="/Items" id="3fd7f855-d442-488d-bfde-5ecf7ebf0fcb"><con:settings/><con:defaultResponse>createItem</con:defaultResponse><con:dispatchStyle>SEQUENCE</con:dispatchStyle><con:dispatchPath>/*&#13;
// Script dispatcher is used to select a response based on the incoming request.&#13;
// Here are few examples showing how to match based on path, query param, header and body&#13;
&#13;
// Match based on path&#13;
def requestPath = mockRequest.getPath()&#13;
log.info "Path: "+ requestPath&#13;
&#13;
if( requestPath.contains("json") )&#13;
{&#13;
    // return the name of the response you want to dispatch&#13;
    return "JSON Response"&#13;
}&#13;
&#13;
&#13;
// Match based on query parameter&#13;
def queryString = mockRequest.getRequest().getQueryString()&#13;
log.info "QueryString: " + queryString&#13;
&#13;
if( queryString.contains("stockholm") )&#13;
{&#13;
    // return the name of the response you want to dispatch&#13;
    return "Response Stockholm"&#13;
}&#13;
else if( queryString.contains("london") )&#13;
{&#13;
    // return the name of the response you want to dispatch&#13;
    return "Response London"&#13;
}&#13;
&#13;
&#13;
// Match based on header&#13;
def acceptEncodingHeaderList = mockRequest.getRequestHeaders().get("Accept-Encoding")&#13;
log.info "AcceptEncoding Header List: " + acceptEncodingHeaderList&#13;
&#13;
if( acceptEncodingHeaderList.contains("gzip,deflate") )&#13;
{&#13;
    // return the name of the response you want to dispatch&#13;
    return "GZiped Response"&#13;
}&#13;
&#13;
&#13;
// Match based on body&#13;
def requestBody = mockRequest.getRequestContent()&#13;
log.info "Request body: " + requestBody&#13;
&#13;
if( requestBody.contains("some data") )&#13;
{&#13;
    // return the name of the response you want to dispatch&#13;
    return "Response N"&#13;
}&#13;
*/&#13;
</con:dispatchPath><con:response name="createItem" id="5994c517-8a72-499c-bc5e-b424147afb28" httpResponseStatus="200" mediaType="application/json"><con:settings/><con:responseContent>{
"id" : "pr004"
}</con:responseContent></con:response></con:restMockAction><con:restMockAction name="/Item" method="GET" resourcePath="/Item" id="8cbf3262-92fa-45a3-acff-40e7e45ba765"><con:settings/><con:defaultResponse>errorRequest</con:defaultResponse><con:dispatchStyle>SEQUENCE</con:dispatchStyle><con:dispatchPath>/*&#13;
// Script dispatcher is used to select a response based on the incoming request.&#13;
// Here are few examples showing how to match based on path, query param, header and body&#13;
&#13;
// Match based on path&#13;
def requestPath = mockRequest.getPath()&#13;
log.info "Path: "+ requestPath&#13;
&#13;
if( requestPath.contains("json") )&#13;
{&#13;
    // return the name of the response you want to dispatch&#13;
    return "JSON Response"&#13;
}&#13;
&#13;
&#13;
// Match based on query parameter&#13;
def queryString = mockRequest.getRequest().getQueryString()&#13;
log.info "QueryString: " + queryString&#13;
&#13;
if( queryString.contains("stockholm") )&#13;
{&#13;
    // return the name of the response you want to dispatch&#13;
    return "Response Stockholm"&#13;
}&#13;
else if( queryString.contains("london") )&#13;
{&#13;
    // return the name of the response you want to dispatch&#13;
    return "Response London"&#13;
}&#13;
&#13;
&#13;
// Match based on header&#13;
def acceptEncodingHeaderList = mockRequest.getRequestHeaders().get("Accept-Encoding")&#13;
log.info "AcceptEncoding Header List: " + acceptEncodingHeaderList&#13;
&#13;
if( acceptEncodingHeaderList.contains("gzip,deflate") )&#13;
{&#13;
    // return the name of the response you want to dispatch&#13;
    return "GZiped Response"&#13;
}&#13;
&#13;
&#13;
// Match based on body&#13;
def requestBody = mockRequest.getRequestContent()&#13;
log.info "Request body: " + requestBody&#13;
&#13;
if( requestBody.contains("some data") )&#13;
{&#13;
    // return the name of the response you want to dispatch&#13;
    return "Response N"&#13;
}&#13;
*/&#13;
</con:dispatchPath><con:response name="errorRequest" id="2c5734f0-c6c6-4722-a522-e64302ed02f0" httpResponseStatus="400" mediaType="application/xml"><con:settings/><con:responseContent/></con:response></con:restMockAction></con:restMockService><con:properties/><con:wssContainer/><con:oAuth2ProfileContainer/><con:oAuth1ProfileContainer/><con:sensitiveInformation/></con:soapui-project>